NC_000016.10_2106599_G/A	NC_000016.10:2106599	A	ENSG00000008710	ENST00000262304	Transcript	stop_gained	7497	7288	2430	R/*	Cga/Tga	rs2432403,CM003336	IMPACT=HIGH;STRAND=-1;VARIANT_CLASS=SNV;SYMBOL=PKD1;SYMBOL_SOURCE=HGNC;HGNC_ID=HGNC:9008;BIOTYPE=protein_coding;CANONICAL=YES;MANE=MANE_Select;MANE_SELECT=NM_001009944.3;TSL=1;APPRIS=P5;CCDS=CCDS32369.1;ENSP=ENSP00000262304;SWISSPROT=P98161.267;UNIPARC=UPI00001B0454;UNIPROT_ISOFORM=P98161-1;GENE_PHENO=1;EXON=18/46;DOMAINS=Low_complexity_(Seg):seg,Phobius:NON_CYTOPLASMIC_DOMAIN,PANTHER:PTHR46730,Pfam:PF02010,NCBIFAM:TIGR00864,PROSITE_profiles:PS51111;gnomADe_AF=1.383e-06;gnomADe_AFR_AF=0;gnomADe_AMR_AF=0;gnomADe_ASJ_AF=0;gnomADe_EAS_AF=0;gnomADe_FIN_AF=0;gnomADe_MID_AF=0;gnomADe_NFE_AF=1.8e-06;gnomADe_REMAINING_AF=0;gnomADe_SAS_AF=0;MAX_AF=1.8e-06;MAX_AF_POPS=gnomADe_NFE;CLIN_SIG=pathogenic;PHENO=1,1
NC_000016.10_2106599_G/A	NC_000016.10:2106599	A	ENSG00000008710	ENST00000415938	Transcript	non_coding_transcript_exon_variant	533	-	-	-	-	rs2432403,CM003336	IMPACT=MODIFIER;STRAND=-1;VARIANT_CLASS=SNV;SYMBOL=PKD1;SYMBOL_SOURCE=HGNC;HGNC_ID=HGNC:9008;BIOTYPE=retained_intron;TSL=5;GENE_PHENO=1;EXON=4/17;gnomADe_AF=1.383e-06;gnomADe_AFR_AF=0;gnomADe_AMR_AF=0;gnomADe_ASJ_AF=0;gnomADe_EAS_AF=0;gnomADe_FIN_AF=0;gnomADe_MID_AF=0;gnomADe_NFE_AF=1.8e-06;gnomADe_REMAINING_AF=0;gnomADe_SAS_AF=0;MAX_AF=1.8e-06;MAX_AF_POPS=gnomADe_NFE;CLIN_SIG=pathogenic;PHENO=1,1
NC_000016.10_2106599_G/A	NC_000016.10:2106599	A	ENSG00000008710	ENST00000423118	Transcript	stop_gained	7497	7288	2430	R/*	Cga/Tga	rs2432403,CM003336	IMPACT=HIGH;STRAND=-1;VARIANT_CLASS=SNV;SYMBOL=PKD1;SYMBOL_SOURCE=HGNC;HGNC_ID=HGNC:9008;BIOTYPE=protein_coding;TSL=1;APPRIS=A2;CCDS=CCDS45385.1;ENSP=ENSP00000399501;SWISSPROT=P98161.267;UNIPARC=UPI0000212762;UNIPROT_ISOFORM=P98161-3;GENE_PHENO=1;EXON=18/46;DOMAINS=Phobius:NON_CYTOPLASMIC_DOMAIN,Pfam:PF02010,PROSITE_profiles:PS51111,PANTHER:PTHR46730,NCBIFAM:TIGR00864,Low_complexity_(Seg):seg;gnomADe_AF=1.383e-06;gnomADe_AFR_AF=0;gnomADe_AMR_AF=0;gnomADe_ASJ_AF=0;gnomADe_EAS_AF=0;gnomADe_FIN_AF=0;gnomADe_MID_AF=0;gnomADe_NFE_AF=1.8e-06;gnomADe_REMAINING_AF=0;gnomADe_SAS_AF=0;MAX_AF=1.8e-06;MAX_AF_POPS=gnomADe_NFE;CLIN_SIG=pathogenic;PHENO=1,1
NC_000016.10_2106599_G/A	NC_000016.10:2106599	A	ENSG00000008710	ENST00000468674	Transcript	downstream_gene_variant	-	-	-	-	-	rs2432403,CM003336	IMPACT=MODIFIER;DISTANCE=2692;STRAND=-1;VARIANT_CLASS=SNV;SYMBOL=PKD1;SYMBOL_SOURCE=HGNC;HGNC_ID=HGNC:9008;BIOTYPE=protein_coding_CDS_not_defined;TSL=5;GENE_PHENO=1;gnomADe_AF=1.383e-06;gnomADe_AFR_AF=0;gnomADe_AMR_AF=0;gnomADe_ASJ_AF=0;gnomADe_EAS_AF=0;gnomADe_FIN_AF=0;gnomADe_MID_AF=0;gnomADe_NFE_AF=1.8e-06;gnomADe_REMAINING_AF=0;gnomADe_SAS_AF=0;MAX_AF=1.8e-06;MAX_AF_POPS=gnomADe_NFE;CLIN_SIG=pathogenic;PHENO=1,1
NC_000016.10_2106599_G/A	NC_000016.10:2106599	A	ENSG00000008710	ENST00000469241	Transcript	downstream_gene_variant	-	-	-	-	-	rs2432403,CM003336	IMPACT=MODIFIER;DISTANCE=4859;STRAND=-1;VARIANT_CLASS=SNV;SYMBOL=PKD1;SYMBOL_SOURCE=HGNC;HGNC_ID=HGNC:9008;BIOTYPE=retained_intron;TSL=2;GENE_PHENO=1;gnomADe_AF=1.383e-06;gnomADe_AFR_AF=0;gnomADe_AMR_AF=0;gnomADe_ASJ_AF=0;gnomADe_EAS_AF=0;gnomADe_FIN_AF=0;gnomADe_MID_AF=0;gnomADe_NFE_AF=1.8e-06;gnomADe_REMAINING_AF=0;gnomADe_SAS_AF=0;MAX_AF=1.8e-06;MAX_AF_POPS=gnomADe_NFE;CLIN_SIG=pathogenic;PHENO=1,1
NC_000016.10_2106599_G/A	NC_000016.10:2106599	A	ENSG00000008710	ENST00000471603	Transcript	upstream_gene_variant	-	-	-	-	-	rs2432403,CM003336	IMPACT=MODIFIER;DISTANCE=2912;STRAND=-1;VARIANT_CLASS=SNV;SYMBOL=PKD1;SYMBOL_SOURCE=HGNC;HGNC_ID=HGNC:9008;BIOTYPE=retained_intron;TSL=5;GENE_PHENO=1;gnomADe_AF=1.383e-06;gnomADe_AFR_AF=0;gnomADe_AMR_AF=0;gnomADe_ASJ_AF=0;gnomADe_EAS_AF=0;gnomADe_FIN_AF=0;gnomADe_MID_AF=0;gnomADe_NFE_AF=1.8e-06;gnomADe_REMAINING_AF=0;gnomADe_SAS_AF=0;MAX_AF=1.8e-06;MAX_AF_POPS=gnomADe_NFE;CLIN_SIG=pathogenic;PHENO=1,1
NC_000016.10_2106599_G/A	NC_000016.10:2106599	A	ENSG00000008710	ENST00000473780	Transcript	downstream_gene_variant	-	-	-	-	-	rs2432403,CM003336	IMPACT=MODIFIER;DISTANCE=986;STRAND=-1;VARIANT_CLASS=SNV;SYMBOL=PKD1;SYMBOL_SOURCE=HGNC;HGNC_ID=HGNC:9008;BIOTYPE=protein_coding_CDS_not_defined;TSL=5;GENE_PHENO=1;gnomADe_AF=1.383e-06;gnomADe_AFR_AF=0;gnomADe_AMR_AF=0;gnomADe_ASJ_AF=0;gnomADe_EAS_AF=0;gnomADe_FIN_AF=0;gnomADe_MID_AF=0;gnomADe_NFE_AF=1.8e-06;gnomADe_REMAINING_AF=0;gnomADe_SAS_AF=0;MAX_AF=1.8e-06;MAX_AF_POPS=gnomADe_NFE;CLIN_SIG=pathogenic;PHENO=1,1
NC_000016.10_2106599_G/A	NC_000016.10:2106599	A	ENSG00000008710	ENST00000474088	Transcript	upstream_gene_variant	-	-	-	-	-	rs2432403,CM003336	IMPACT=MODIFIER;DISTANCE=3422;STRAND=-1;VARIANT_CLASS=SNV;SYMBOL=PKD1;SYMBOL_SOURCE=HGNC;HGNC_ID=HGNC:9008;BIOTYPE=retained_intron;TSL=5;GENE_PHENO=1;gnomADe_AF=1.383e-06;gnomADe_AFR_AF=0;gnomADe_AMR_AF=0;gnomADe_ASJ_AF=0;gnomADe_EAS_AF=0;gnomADe_FIN_AF=0;gnomADe_MID_AF=0;gnomADe_NFE_AF=1.8e-06;gnomADe_REMAINING_AF=0;gnomADe_SAS_AF=0;MAX_AF=1.8e-06;MAX_AF_POPS=gnomADe_NFE;CLIN_SIG=pathogenic;PHENO=1,1
NC_000016.10_2106599_G/A	NC_000016.10:2106599	A	ENSG00000008710	ENST00000475889	Transcript	upstream_gene_variant	-	-	-	-	-	rs2432403,CM003336	IMPACT=MODIFIER;DISTANCE=3068;STRAND=-1;VARIANT_CLASS=SNV;SYMBOL=PKD1;SYMBOL_SOURCE=HGNC;HGNC_ID=HGNC:9008;BIOTYPE=protein_coding_CDS_not_defined;TSL=5;GENE_PHENO=1;gnomADe_AF=1.383e-06;gnomADe_AFR_AF=0;gnomADe_AMR_AF=0;gnomADe_ASJ_AF=0;gnomADe_EAS_AF=0;gnomADe_FIN_AF=0;gnomADe_MID_AF=0;gnomADe_NFE_AF=1.8e-06;gnomADe_REMAINING_AF=0;gnomADe_SAS_AF=0;MAX_AF=1.8e-06;MAX_AF_POPS=gnomADe_NFE;CLIN_SIG=pathogenic;PHENO=1,1
NC_000016.10_2106599_G/A	NC_000016.10:2106599	A	ENSG00000008710	ENST00000480227	Transcript	upstream_gene_variant	-	-	-	-	-	rs2432403,CM003336	IMPACT=MODIFIER;DISTANCE=2806;STRAND=-1;VARIANT_CLASS=SNV;SYMBOL=PKD1;SYMBOL_SOURCE=HGNC;HGNC_ID=HGNC:9008;BIOTYPE=retained_intron;TSL=1;GENE_PHENO=1;gnomADe_AF=1.383e-06;gnomADe_AFR_AF=0;gnomADe_AMR_AF=0;gnomADe_ASJ_AF=0;gnomADe_EAS_AF=0;gnomADe_FIN_AF=0;gnomADe_MID_AF=0;gnomADe_NFE_AF=1.8e-06;gnomADe_REMAINING_AF=0;gnomADe_SAS_AF=0;MAX_AF=1.8e-06;MAX_AF_POPS=gnomADe_NFE;CLIN_SIG=pathogenic;PHENO=1,1
NC_000016.10_2106599_G/A	NC_000016.10:2106599	A	ENSG00000008710	ENST00000483024	Transcript	stop_gained	456	457	153	R/*	Cga/Tga	rs2432403,CM003336	IMPACT=HIGH;STRAND=-1;FLAGS=cds_start_NF,cds_end_NF;VARIANT_CLASS=SNV;SYMBOL=PKD1;SYMBOL_SOURCE=HGNC;HGNC_ID=HGNC:9008;BIOTYPE=protein_coding;TSL=5;ENSP=ENSP00000456670;TREMBL=H3BSE8.66;UNIPARC=UPI0002466D54;GENE_PHENO=1;EXON=5/5;DOMAINS=PROSITE_profiles:PS51111,PANTHER:PTHR46730,Pfam:PF02010;gnomADe_AF=1.383e-06;gnomADe_AFR_AF=0;gnomADe_AMR_AF=0;gnomADe_ASJ_AF=0;gnomADe_EAS_AF=0;gnomADe_FIN_AF=0;gnomADe_MID_AF=0;gnomADe_NFE_AF=1.8e-06;gnomADe_REMAINING_AF=0;gnomADe_SAS_AF=0;MAX_AF=1.8e-06;MAX_AF_POPS=gnomADe_NFE;CLIN_SIG=pathogenic;PHENO=1,1
NC_000016.10_2106599_G/A	NC_000016.10:2106599	A	ENSG00000008710	ENST00000483558	Transcript	non_coding_transcript_exon_variant	347	-	-	-	-	rs2432403,CM003336	IMPACT=MODIFIER;STRAND=-1;VARIANT_CLASS=SNV;SYMBOL=PKD1;SYMBOL_SOURCE=HGNC;HGNC_ID=HGNC:9008;BIOTYPE=protein_coding_CDS_not_defined;TSL=5;GENE_PHENO=1;EXON=3/4;gnomADe_AF=1.383e-06;gnomADe_AFR_AF=0;gnomADe_AMR_AF=0;gnomADe_ASJ_AF=0;gnomADe_EAS_AF=0;gnomADe_FIN_AF=0;gnomADe_MID_AF=0;gnomADe_NFE_AF=1.8e-06;gnomADe_REMAINING_AF=0;gnomADe_SAS_AF=0;MAX_AF=1.8e-06;MAX_AF_POPS=gnomADe_NFE;CLIN_SIG=pathogenic;PHENO=1,1
NC_000016.10_2106599_G/A	NC_000016.10:2106599	A	ENSG00000008710	ENST00000483731	Transcript	non_coding_transcript_exon_variant	1013	-	-	-	-	rs2432403,CM003336	IMPACT=MODIFIER;STRAND=-1;VARIANT_CLASS=SNV;SYMBOL=PKD1;SYMBOL_SOURCE=HGNC;HGNC_ID=HGNC:9008;BIOTYPE=retained_intron;TSL=5;GENE_PHENO=1;EXON=6/19;gnomADe_AF=1.383e-06;gnomADe_AFR_AF=0;gnomADe_AMR_AF=0;gnomADe_ASJ_AF=0;gnomADe_EAS_AF=0;gnomADe_FIN_AF=0;gnomADe_MID_AF=0;gnomADe_NFE_AF=1.8e-06;gnomADe_REMAINING_AF=0;gnomADe_SAS_AF=0;MAX_AF=1.8e-06;MAX_AF_POPS=gnomADe_NFE;CLIN_SIG=pathogenic;PHENO=1,1
NC_000016.10_2106599_G/A	NC_000016.10:2106599	A	ENSG00000008710	ENST00000486339	Transcript	non_coding_transcript_exon_variant	1034	-	-	-	-	rs2432403,CM003336	IMPACT=MODIFIER;STRAND=-1;VARIANT_CLASS=SNV;SYMBOL=PKD1;SYMBOL_SOURCE=HGNC;HGNC_ID=HGNC:9008;BIOTYPE=retained_intron;TSL=5;GENE_PHENO=1;EXON=2/14;gnomADe_AF=1.383e-06;gnomADe_AFR_AF=0;gnomADe_AMR_AF=0;gnomADe_ASJ_AF=0;gnomADe_EAS_AF=0;gnomADe_FIN_AF=0;gnomADe_MID_AF=0;gnomADe_NFE_AF=1.8e-06;gnomADe_REMAINING_AF=0;gnomADe_SAS_AF=0;MAX_AF=1.8e-06;MAX_AF_POPS=gnomADe_NFE;CLIN_SIG=pathogenic;PHENO=1,1
NC_000016.10_2106599_G/A	NC_000016.10:2106599	A	ENSG00000008710	ENST00000487932	Transcript	stop_gained,NMD_transcript_variant	1975	1975	659	R/*	Cga/Tga	rs2432403,CM003336	IMPACT=HIGH;STRAND=-1;FLAGS=cds_start_NF;VARIANT_CLASS=SNV;SYMBOL=PKD1;SYMBOL_SOURCE=HGNC;HGNC_ID=HGNC:9008;BIOTYPE=nonsense_mediated_decay;TSL=5;ENSP=ENSP00000457132;TREMBL=H3BTE0.70;UNIPARC=UPI0002466D37;GENE_PHENO=1;EXON=4/30;DOMAINS=AFDB-ENSP_mappings:AF-H3BTE0-F1;gnomADe_AF=1.383e-06;gnomADe_AFR_AF=0;gnomADe_AMR_AF=0;gnomADe_ASJ_AF=0;gnomADe_EAS_AF=0;gnomADe_FIN_AF=0;gnomADe_MID_AF=0;gnomADe_NFE_AF=1.8e-06;gnomADe_REMAINING_AF=0;gnomADe_SAS_AF=0;MAX_AF=1.8e-06;MAX_AF_POPS=gnomADe_NFE;CLIN_SIG=pathogenic;PHENO=1,1
NC_000016.10_2106599_G/A	NC_000016.10:2106599	A	ENSG00000008710	ENST00000488185	Transcript	downstream_gene_variant	-	-	-	-	-	rs2432403,CM003336	IMPACT=MODIFIER;DISTANCE=342;STRAND=-1;FLAGS=cds_start_NF,cds_end_NF;VARIANT_CLASS=SNV;SYMBOL=PKD1;SYMBOL_SOURCE=HGNC;HGNC_ID=HGNC:9008;BIOTYPE=protein_coding;TSL=5;ENSP=ENSP00000456672;TREMBL=H3BSE9.69;UNIPARC=UPI0002466D55;GENE_PHENO=1;gnomADe_AF=1.383e-06;gnomADe_AFR_AF=0;gnomADe_AMR_AF=0;gnomADe_ASJ_AF=0;gnomADe_EAS_AF=0;gnomADe_FIN_AF=0;gnomADe_MID_AF=0;gnomADe_NFE_AF=1.8e-06;gnomADe_REMAINING_AF=0;gnomADe_SAS_AF=0;MAX_AF=1.8e-06;MAX_AF_POPS=gnomADe_NFE;CLIN_SIG=pathogenic;PHENO=1,1
NC_000016.10_2106599_G/A	NC_000016.10:2106599	A	ENSG00000008710	ENST00000496574	Transcript	non_coding_transcript_exon_variant	1291	-	-	-	-	rs2432403,CM003336	IMPACT=MODIFIER;STRAND=-1;VARIANT_CLASS=SNV;SYMBOL=PKD1;SYMBOL_SOURCE=HGNC;HGNC_ID=HGNC:9008;BIOTYPE=retained_intron;TSL=5;GENE_PHENO=1;EXON=2/15;gnomADe_AF=1.383e-06;gnomADe_AFR_AF=0;gnomADe_AMR_AF=0;gnomADe_ASJ_AF=0;gnomADe_EAS_AF=0;gnomADe_FIN_AF=0;gnomADe_MID_AF=0;gnomADe_NFE_AF=1.8e-06;gnomADe_REMAINING_AF=0;gnomADe_SAS_AF=0;MAX_AF=1.8e-06;MAX_AF_POPS=gnomADe_NFE;CLIN_SIG=pathogenic;PHENO=1,1
NC_000016.10_2106599_G/A	NC_000016.10:2106599	A	ENSG00000008710	ENST00000561991	Transcript	upstream_gene_variant	-	-	-	-	-	rs2432403,CM003336	IMPACT=MODIFIER;DISTANCE=191;STRAND=-1;VARIANT_CLASS=SNV;SYMBOL=PKD1;SYMBOL_SOURCE=HGNC;HGNC_ID=HGNC:9008;BIOTYPE=protein_coding_CDS_not_defined;TSL=5;GENE_PHENO=1;gnomADe_AF=1.383e-06;gnomADe_AFR_AF=0;gnomADe_AMR_AF=0;gnomADe_ASJ_AF=0;gnomADe_EAS_AF=0;gnomADe_FIN_AF=0;gnomADe_MID_AF=0;gnomADe_NFE_AF=1.8e-06;gnomADe_REMAINING_AF=0;gnomADe_SAS_AF=0;MAX_AF=1.8e-06;MAX_AF_POPS=gnomADe_NFE;CLIN_SIG=pathogenic;PHENO=1,1
NC_000016.10_2106599_G/A	NC_000016.10:2106599	A	ENSG00000008710	ENST00000562297	Transcript	upstream_gene_variant	-	-	-	-	-	rs2432403,CM003336	IMPACT=MODIFIER;DISTANCE=2810;STRAND=-1;VARIANT_CLASS=SNV;SYMBOL=PKD1;SYMBOL_SOURCE=HGNC;HGNC_ID=HGNC:9008;BIOTYPE=retained_intron;TSL=5;GENE_PHENO=1;gnomADe_AF=1.383e-06;gnomADe_AFR_AF=0;gnomADe_AMR_AF=0;gnomADe_ASJ_AF=0;gnomADe_EAS_AF=0;gnomADe_FIN_AF=0;gnomADe_MID_AF=0;gnomADe_NFE_AF=1.8e-06;gnomADe_REMAINING_AF=0;gnomADe_SAS_AF=0;MAX_AF=1.8e-06;MAX_AF_POPS=gnomADe_NFE;CLIN_SIG=pathogenic;PHENO=1,1
NC_000016.10_2106599_G/A	NC_000016.10:2106599	A	ENSG00000008710	ENST00000564865	Transcript	upstream_gene_variant	-	-	-	-	-	rs2432403,CM003336	IMPACT=MODIFIER;DISTANCE=495;STRAND=-1;VARIANT_CLASS=SNV;SYMBOL=PKD1;SYMBOL_SOURCE=HGNC;HGNC_ID=HGNC:9008;BIOTYPE=protein_coding_CDS_not_defined;TSL=5;GENE_PHENO=1;gnomADe_AF=1.383e-06;gnomADe_AFR_AF=0;gnomADe_AMR_AF=0;gnomADe_ASJ_AF=0;gnomADe_EAS_AF=0;gnomADe_FIN_AF=0;gnomADe_MID_AF=0;gnomADe_NFE_AF=1.8e-06;gnomADe_REMAINING_AF=0;gnomADe_SAS_AF=0;MAX_AF=1.8e-06;MAX_AF_POPS=gnomADe_NFE;CLIN_SIG=pathogenic;PHENO=1,1
NC_000016.10_2106599_G/A	NC_000016.10:2106599	A	ENSG00000008710	ENST00000564890	Transcript	upstream_gene_variant	-	-	-	-	-	rs2432403,CM003336	IMPACT=MODIFIER;DISTANCE=192;STRAND=-1;VARIANT_CLASS=SNV;SYMBOL=PKD1;SYMBOL_SOURCE=HGNC;HGNC_ID=HGNC:9008;BIOTYPE=retained_intron;TSL=5;GENE_PHENO=1;gnomADe_AF=1.383e-06;gnomADe_AFR_AF=0;gnomADe_AMR_AF=0;gnomADe_ASJ_AF=0;gnomADe_EAS_AF=0;gnomADe_FIN_AF=0;gnomADe_MID_AF=0;gnomADe_NFE_AF=1.8e-06;gnomADe_REMAINING_AF=0;gnomADe_SAS_AF=0;MAX_AF=1.8e-06;MAX_AF_POPS=gnomADe_NFE;CLIN_SIG=pathogenic;PHENO=1,1
NC_000016.10_2106599_G/A	NC_000016.10:2106599	A	ENSG00000008710	ENST00000565639	Transcript	non_coding_transcript_exon_variant	996	-	-	-	-	rs2432403,CM003336	IMPACT=MODIFIER;STRAND=-1;VARIANT_CLASS=SNV;SYMBOL=PKD1;SYMBOL_SOURCE=HGNC;HGNC_ID=HGNC:9008;BIOTYPE=retained_intron;TSL=5;GENE_PHENO=1;EXON=7/12;gnomADe_AF=1.383e-06;gnomADe_AFR_AF=0;gnomADe_AMR_AF=0;gnomADe_ASJ_AF=0;gnomADe_EAS_AF=0;gnomADe_FIN_AF=0;gnomADe_MID_AF=0;gnomADe_NFE_AF=1.8e-06;gnomADe_REMAINING_AF=0;gnomADe_SAS_AF=0;MAX_AF=1.8e-06;MAX_AF_POPS=gnomADe_NFE;CLIN_SIG=pathogenic;PHENO=1,1
NC_000016.10_2106599_G/A	NC_000016.10:2106599	A	ENSG00000008710	ENST00000567946	Transcript	upstream_gene_variant	-	-	-	-	-	rs2432403,CM003336	IMPACT=MODIFIER;DISTANCE=1201;STRAND=-1;FLAGS=cds_start_NF,cds_end_NF;VARIANT_CLASS=SNV;SYMBOL=PKD1;SYMBOL_SOURCE=HGNC;HGNC_ID=HGNC:9008;BIOTYPE=protein_coding;TSL=5;ENSP=ENSP00000457984;TREMBL=H3BV77.74;UNIPARC=UPI0002466D39;GENE_PHENO=1;gnomADe_AF=1.383e-06;gnomADe_AFR_AF=0;gnomADe_AMR_AF=0;gnomADe_ASJ_AF=0;gnomADe_EAS_AF=0;gnomADe_FIN_AF=0;gnomADe_MID_AF=0;gnomADe_NFE_AF=1.8e-06;gnomADe_REMAINING_AF=0;gnomADe_SAS_AF=0;MAX_AF=1.8e-06;MAX_AF_POPS=gnomADe_NFE;CLIN_SIG=pathogenic;PHENO=1,1
NC_000016.10_2106599_G/A	NC_000016.10:2106599	A	ENSG00000008710	ENST00000568591	Transcript	3_prime_UTR_variant,NMD_transcript_variant	2449	-	-	-	-	rs2432403,CM003336	IMPACT=MODIFIER;STRAND=-1;FLAGS=cds_start_NF;VARIANT_CLASS=SNV;SYMBOL=PKD1;SYMBOL_SOURCE=HGNC;HGNC_ID=HGNC:9008;BIOTYPE=nonsense_mediated_decay;TSL=2;ENSP=ENSP00000457162;TREMBL=H3BTG3.73;UNIPARC=UPI0021A17435;GENE_PHENO=1;EXON=12/12;gnomADe_AF=1.383e-06;gnomADe_AFR_AF=0;gnomADe_AMR_AF=0;gnomADe_ASJ_AF=0;gnomADe_EAS_AF=0;gnomADe_FIN_AF=0;gnomADe_MID_AF=0;gnomADe_NFE_AF=1.8e-06;gnomADe_REMAINING_AF=0;gnomADe_SAS_AF=0;MAX_AF=1.8e-06;MAX_AF_POPS=gnomADe_NFE;CLIN_SIG=pathogenic;PHENO=1,1
NC_000016.10_2106599_G/A	NC_000016.10:2106599	A	ENSG00000008710	ENST00000569983	Transcript	non_coding_transcript_exon_variant	644	-	-	-	-	rs2432403,CM003336	IMPACT=MODIFIER;STRAND=-1;VARIANT_CLASS=SNV;SYMBOL=PKD1;SYMBOL_SOURCE=HGNC;HGNC_ID=HGNC:9008;BIOTYPE=retained_intron;TSL=5;GENE_PHENO=1;EXON=4/4;gnomADe_AF=1.383e-06;gnomADe_AFR_AF=0;gnomADe_AMR_AF=0;gnomADe_ASJ_AF=0;gnomADe_EAS_AF=0;gnomADe_FIN_AF=0;gnomADe_MID_AF=0;gnomADe_NFE_AF=1.8e-06;gnomADe_REMAINING_AF=0;gnomADe_SAS_AF=0;MAX_AF=1.8e-06;MAX_AF_POPS=gnomADe_NFE;CLIN_SIG=pathogenic;PHENO=1,1
